seed,accuracy
21,0.8181818181818182
22,0.8096590909090909
23,0.8096590909090909
24,0.8181818181818182
25,0.8153409090909091
26,0.8125
27,0.8153409090909091
28,0.8039772727272727
29,0.8096590909090909
30,0.8181818181818182
31,0.8125
32,0.8125
33,0.8238636363636364
34,0.8153409090909091
35,0.8181818181818182
36,0.8153409090909091
37,0.8153409090909091
38,0.8181818181818182
39,0.8238636363636364
40,0.8125
41,0.8210227272727273
42,0.8153409090909091
43,0.8096590909090909
44,0.8238636363636364
45,0.8096590909090909
46,0.8181818181818182
47,0.8096590909090909
48,0.8181818181818182
49,0.8267045454545454
50,0.8068181818181818
51,0.8181818181818182
52,0.8181818181818182
53,0.8125
54,0.8153409090909091
55,0.8125
56,0.8210227272727273
57,0.8068181818181818
58,0.8125
59,0.8153409090909091
60,0.8153409090909091
61,0.8267045454545454
62,0.8096590909090909
63,0.8181818181818182
64,0.8181818181818182
65,0.8295454545454546
66,0.8153409090909091
67,0.8181818181818182
68,0.8125
69,0.8125
70,0.8068181818181818
71,0.8181818181818182
72,0.8153409090909091
73,0.8181818181818182
74,0.8181818181818182
75,0.8210227272727273
76,0.8125
77,0.8096590909090909
78,0.8181818181818182
79,0.8125
80,0.8068181818181818
81,0.8153409090909091
82,0.8267045454545454
83,0.8153409090909091
84,0.8153409090909091
85,0.8125
86,0.8096590909090909
87,0.8068181818181818
88,0.8210227272727273
89,0.8181818181818182
90,0.8096590909090909
91,0.8125
92,0.8068181818181818
93,0.8125
94,0.8068181818181818
95,0.8181818181818182
96,0.8096590909090909
97,0.8153409090909091
98,0.8096590909090909
99,0.8096590909090909
100,0.8125
101,0.8096590909090909
102,0.8153409090909091
103,0.8096590909090909
104,0.8153409090909091
105,0.8181818181818182
106,0.8153409090909091
107,0.8068181818181818
108,0.8153409090909091
109,0.8181818181818182
110,0.8210227272727273
111,0.8096590909090909
112,0.8068181818181818
113,0.8096590909090909
114,0.8210227272727273
115,0.8181818181818182
116,0.8153409090909091
117,0.8039772727272727
118,0.8181818181818182
119,0.8096590909090909
120,0.8267045454545454
121,0.8153409090909091
122,0.8181818181818182
123,0.8068181818181818
124,0.8238636363636364
125,0.8125
126,0.8181818181818182
127,0.8125
128,0.8210227272727273
129,0.8153409090909091
130,0.8039772727272727
131,0.8125
132,0.8181818181818182
133,0.8096590909090909
134,0.8181818181818182
135,0.8125
136,0.8096590909090909
137,0.8181818181818182
138,0.8125
139,0.8210227272727273
140,0.8153409090909091
141,0.8096590909090909
142,0.8181818181818182
143,0.8181818181818182
144,0.8210227272727273
145,0.8125
146,0.8096590909090909
147,0.8181818181818182
148,0.8153409090909091
149,0.8039772727272727
150,0.8125
151,0.8238636363636364
152,0.8153409090909091
153,0.8125
154,0.8267045454545454
155,0.8181818181818182
156,0.8153409090909091
157,0.8153409090909091
158,0.8096590909090909
159,0.8068181818181818
160,0.8039772727272727
161,0.8210227272727273
162,0.8153409090909091
163,0.8096590909090909
164,0.8153409090909091
165,0.8096590909090909
166,0.8125
167,0.8153409090909091
168,0.8238636363636364
169,0.8096590909090909
170,0.8210227272727273
171,0.8238636363636364
172,0.8125
173,0.8125
174,0.8096590909090909
175,0.8181818181818182
176,0.8096590909090909
177,0.8210227272727273
178,0.8153409090909091
179,0.8096590909090909
180,0.8096590909090909
181,0.8125
182,0.8153409090909091
183,0.8153409090909091
184,0.8096590909090909
185,0.8068181818181818
186,0.8125
187,0.8125
188,0.8068181818181818
189,0.8181818181818182
190,0.8153409090909091
191,0.8153409090909091
192,0.8153409090909091
193,0.8125
194,0.8125
195,0.8125
196,0.8153409090909091
197,0.8125
198,0.8153409090909091
199,0.8153409090909091
200,0.8125
201,0.8181818181818182
202,0.8125
203,0.8125
204,0.8125
205,0.8096590909090909
206,0.8068181818181818
207,0.8153409090909091
208,0.8068181818181818
209,0.8125
210,0.8181818181818182
211,0.8210227272727273
212,0.8125
213,0.8210227272727273
214,0.8153409090909091
215,0.8153409090909091
216,0.8039772727272727
217,0.8210227272727273
218,0.8210227272727273
219,0.8125
220,0.8153409090909091
221,0.8125
222,0.8039772727272727
223,0.8210227272727273
224,0.8153409090909091
225,0.8181818181818182
226,0.8181818181818182
227,0.8096590909090909
228,0.8181818181818182
229,0.8181818181818182
230,0.8181818181818182
231,0.8096590909090909
232,0.8153409090909091
233,0.8153409090909091
234,0.8210227272727273
235,0.8210227272727273
236,0.8210227272727273
237,0.8181818181818182
238,0.8210227272727273
239,0.8210227272727273
240,0.8153409090909091
241,0.8153409090909091
242,0.8238636363636364
243,0.8153409090909091
244,0.8181818181818182
245,0.8125
246,0.8125
247,0.8153409090909091
248,0.8153409090909091
249,0.8096590909090909
250,0.8238636363636364
251,0.8267045454545454
252,0.8068181818181818
253,0.8096590909090909
254,0.8153409090909091
255,0.8153409090909091
256,0.8181818181818182
257,0.8238636363636364
258,0.8210227272727273
259,0.8125
260,0.8125
261,0.8153409090909091
262,0.8096590909090909
263,0.8153409090909091
264,0.8153409090909091
265,0.8125
266,0.8210227272727273
267,0.8181818181818182
268,0.8068181818181818
269,0.8153409090909091
270,0.8096590909090909
271,0.8125
272,0.8125
273,0.8210227272727273
274,0.8181818181818182
275,0.8238636363636364
276,0.8096590909090909
277,0.8153409090909091
278,0.8096590909090909
279,0.8096590909090909
280,0.8153409090909091
281,0.8096590909090909
282,0.8153409090909091
283,0.8210227272727273
284,0.8267045454545454
285,0.8096590909090909
286,0.8153409090909091
287,0.8096590909090909
288,0.8238636363636364
289,0.8153409090909091
290,0.8181818181818182
291,0.8153409090909091
292,0.8181818181818182
293,0.8238636363636364
294,0.8096590909090909
295,0.8068181818181818
296,0.8125
297,0.8181818181818182
298,0.8153409090909091
299,0.8153409090909091
300,0.8039772727272727
301,0.8125
302,0.8181818181818182
303,0.8125
304,0.8238636363636364
305,0.8096590909090909
306,0.8181818181818182
307,0.8181818181818182
308,0.8153409090909091
309,0.8039772727272727
310,0.8039772727272727
311,0.8153409090909091
312,0.8181818181818182
313,0.8210227272727273
314,0.8267045454545454
315,0.8068181818181818
316,0.8125
317,0.8039772727272727
318,0.8210227272727273
319,0.8068181818181818
320,0.8210227272727273
